repo,srs
SearchScale/lucene-cuvs,0.9999944421755337
LadyJessie19/MyFood,0.9999939791279847
sqlparser/java_data_lineage,0.9999939947161587
5ec1cff/CopySign,0.9999939791279847
karthikreddy-7/Infosys-SP-Coding-Questions,0.9999939791279847
Arfifias/Matrix_Fan_Game,0.9999939938931901
ThomasVitale/langchain4j-spring-boot,0.9999990003582081
dee-coder01/BusBuddy,0.9999983461205038
lonelytransistor/SystemUINotifier,0.999994010966489
aleixmorgadas/thin-ports-and-adapters,0.9999975139989374
Tushar-Kapil/DSA-Notes,0.9999939791279847
Gayanukaa/Spring-Boot-Playground,0.9999942775370855
ENATION-UK/page-builder,0.9999944329210424
MEEPofFaith/hallucinogen,0.9999939686958146
ErayMert/microservice-log-tracing,0.9999939791279847
borjavb/bq-lineage-tool,0.9999990106554109
uaoan/DkPlayer,0.9999944802890528
thomasdarimont/keycloak-opa-authz-demo,0.9999940581276133
CRLauncher/CRLauncher,0.9999888128204719
MetaGLM/zhipuai-sdk-java-v4,0.9999994743071255
CollaBu/pennyway-was,0.9996011373475092
arconia-io/arconia,0.9999939193197465
X1r0z/hessian-utf-8-overlong-encoding,0.9999939791279847
Mohamed-Yuta/DesignPatterns,0.9999940581276133
digitalfondue/mjml4j,0.99999584522267
chiteroman/FrameworkPatch,0.9999941470698461
habuma/spring-ai-examples,0.9999941657627724
Hunterdii/GeeksforGeeks-POTD,0.9999946644007667
Ahmad45123/workup,0.9999854762988648
SarthakChaudhary46/100-Days-Of-CODE,0.9999939791279847
GreenJAB/fixed-minecraft,0.9999946929014161
Stark-8/text-encryption-AES,0.9999944181529189
linux-china/sieve-cache,0.9999946608563995
GizaSystems/AutomationExercisePractice,0.9999883827976579
xyzbtw/StashMoverPlugin,0.9999940993145854
sweelam/api-design-and-management-talk,0.9999978744408239
GuangYiDing/BeanUtilHelper,0.9999940837263916
Kir-Antipov/cubes-without-borders,0.9999928141676994
Vadym79/AWSLambdaJavaWithSpringBoot,0.9999939791279847
JoseLion/spring-r2dbc-relationships,0.9999987412664325
CRANKV2/STRP-Profile-App,0.9999944181529189
ThomasVitale/llm-apps-java-langchain4j,0.9999939855925466
glaforge/gemini-workshop-for-java-developers,0.9999943097546481
jacobsjo/worldgen-devtools,0.9999919371178353
ptabasso2/oteljavalab,0.9999943557273082
jlokitha/Library-Management-System,0.9999946134762867
Hejow/easy-restdocs-generator,0.9999953312954531
babyfish-ct/jimmer-examples,0.9999985476644134
phyce/rl-natural-speech,0.9999940722278179
ThomasVitale/llm-apps-java-spring-ai,0.9999942344772788
Bram1903/AntiHealthIndicator,0.9999938716249289
youtrackdb/youtrackdb,0.9280849550257976
CleanroomMC/Fugue,0.9999864545612703
ErrorxCode/JxInsta,0.999994249840695
jinganix/guess,0.9999975943006738
find-xposed-magisk/LSPatch,0.999994020827653
walimorris/opensquare,0.9999207659265423
findhumane/react-native-threaded-downloader,0.999993998805802
ljmc2000/NoiseLooper,0.9999948744762873
jetty/jetty-examples,0.9999988440509495
xyzeva/ender-relay,0.9999940419333135
chamaadesilva/BookWorm-Library_Management_System,0.9999939791279847
prakarshs/Jhethia,0.9999940694739206
shnok/l2-unity-gameserver,0.9999944916910662
yiyuan9/abitoflink,0.9999946449259304
dnwwdwd/homieMatching,0.9999965172726499
JustAlittleWolf/ModDetectionPreventer,0.9999941256550571
DevBobcorn/AcryliCraft,0.9999945924545901
duckietm/Arcturus-Morningstar-Extended,0.9999941436509516
EasyG0ing1/Migration,0.9999940245435979
Katana-Official/Meta,0.9999934655866726
Cvrws/Haru,0.9999944050778858
HexArchBook/bluezone_pro,0.9999939791279847
pinterest/tiered-storage,0.9999949489024279
NguyenDuck/blocktopograph,0.9999947043743571
Anjaligaddamidi/javalab,0.9999941323046166
xflow3r/EP2-solutions,0.9999939947161587
stuetzlec/merrimack_cs_examples,0.9999939791279847
MirnaGama/hospital-management-api,0.9999944566857408
jonas-grgt/bob,0.9999959717183896
fuqiuluo/QwQ,0.999994131607004
StyraInc/opa-java,0.9999862806474129
ZJU-ACES-ISE/ChatTester,0.9999939791279847
qupath/qupath-extension-instanseg,0.9999834610169211
javpower/easy-flv,0.9999940915439967
administrateclouds/animations,0.9999941436509516
Yanyutin753/refresh-gpt-chat,0.9999939318280451
DHD2280/BCR-Manager,0.9999941255357725
vesavvo/design_patterns,0.9999939791279847
lgdd/liferay-client-extensions-samples,0.9999940641670183
MehVahdJukaar/polytone,0.9999930452948348
gayanukabulegoda/Hibernate-ORM-Lesson,0.9999943344043357
DJ-Raven/java-messenger,0.9999942016589826
serifpersia/esp32partitiontool,0.9999945124805041
OGminso/ChatHeadFont,0.9999941955485362
VanceVagell/kv4p-ht,0.9999843570820677
xdev-software/spring-data-eclipse-store,0.9996773681520982
catchpoint/Tracing.examples-kubernetes-java,0.9999980359359508
SUDHARSUN2003/Accident-Detection-And-Notification,0.9999944181529189
oldmanpushcart/qianfan4j,0.9999959976626882
undermad/diet-generator-api,0.9999999159314852
MaysHroub/data-structures,0.9999939791279847
igor-pcholkin/DataAnonymization,0.9999992288731874
Araykal/Open-Karhu,0.9999940828353179
KhushPatibandha/RiceDB,0.9999939904742627
openfga/spring-boot-starter,0.9999946123254833
koupleless/runtime,0.9998394886475639
1brc/nodejs,0.9999942728149904
danukarangith/Vehicle-ServiceCenter-Management_System,0.9999939791279847
970263611/redisx,0.9999986153163432
vdaburon/har-convertor-jmeter-plugin,0.9999939539848408
VictorModi/Lyrics-Getter-Ext,0.9999945945411518
IsNott/spring-cloud-security-cli,0.9999939986986448
marcolenzo/hexagonal-architecture-spring-sample,0.9999969551741301
vishalmysore/sam,0.9999940013404203
da-z/woolly,0.9999939791279847
EasyDarwin/EasyGBD,0.999994657436625
ismael221/OpenStreamify,0.9999945344799686
apache/doris-kafka-connector,0.9999942472869053
HeliosMinecraft/HeliosClient,0.9999940107339906
danvega/fcc-spring-boot-3,0.9999981050548276
Apress/ChatGPT-for-Java,0.9999939938931901
tzolov/spring-ai-function-calling-portability,0.9999939791279847
sameh-tarek/Fawry-Internship,0.9999972540624757
MobinaMhr/Compiler-Course-Projects-S2024,0.9999939791279847
Tvenus/blockchain,0.9999939791279847
SemyonSinchenko/spark-connect-example,0.9999942166201723
xielong/ai-hub,0.9999939947161587
hssy252/sky,0.9999939791279847
offici5l/MiBypassTool,0.9999940345551316
jdubois/jdubois-langchain4j-demo,0.9999942101633966
guybedo/sugar,0.999994291385489
CASELOAD7000/knockback-sync,0.9999946204243886
NovaEngineering-Source/StellarCore,0.9999940135851486
HaHaWTH/HAProxy-Detector,0.9999939998966334
ryuu9505/spring-pokemon-center,0.9999964906151172
Gary-yang1/JYso,0.9999939791279847
Keksuccino/Linguji,0.9999940250919243
chengenzhao/java-vulkan-mac,0.9999939791279847
dzaima/grr,0.9999939791279847
wch2019/xiaohai-blog,0.9999939904742627
AkashKobal/java-full-stack-developement,0.99999372568097
sviperll/result4j,0.9999972822399602
gyuwon/ArchitecturalRunwayGuidelines,0.9999940694739206
jakzo/Il2CppDecompiler,0.9999939947161587
BeiShanair/tutorialmod-1.20,0.9999915124937377
koupleless/koupleless,0.9999692869900844
alegian/thavma,0.9999941543574022
KasugaLibGroup/KasugaLib,0.9999929918815653
AkshathSai/streamspace,0.9999933602823222
RETIT/opentelemetry-javaagent-extension,0.9999986621783766
gama-platform/gama,0.9999589600749114
waboke/calculator_app_java,0.9995806126027313
ourfor/iPlay,0.9997821439055455
Poempoat/LimboEmulatorPlus,0.9999941049145851
ollama4j/ollama4j-web-ui,0.9999944890215269
blumek/aura-tower,0.9999939791279847
easystartup-io/k3s-simplified,0.9999936237609842
mmd-nemati/Compiler-Course-Projects-F2023,0.9999939791279847
aliyun/dataworks-spec,0.9999529733117675
renmeijian/HealthChecker,0.9999940581276133
EladLeev/KeyToField-smt,0.9999956800212809
MrCrayfish/MrCrayfishFurnitureMod-Refurbished,0.9999907850124339
Lord-of-Algorithms/DSA-in-Java,0.9999939791279847
coralblocks/CoralProto,0.9999978710336627
brian7704/OpenTAK_ICU,0.9999943950889175
chensheng/ddd-boot,0.9999950408262243
Kamesuta/BungeePteroPower,0.9999944795832727
H3Art-q/JNU-IS-CST-Courses,0.9999939791279847
cubk1/vapev3-opensource,0.9999939947161587
sbxte/mindustry-schematic-browser,0.9999940155207643
WMS-DEV/usos4j,0.9999770976934014
danvega/rest-client-examples,0.9999944445117966
danvega/spring-common-mistakes,0.9999938911559996
ndancing/bitcask,0.9999968051205187
reivaxy/kinetix,0.9999939859186745
TharunPerera/Fish-Aquarium-Management-System,0.9999939791279847
d1tto/Rengar,0.9999939947161587
antlr/antlr5,0.9999947729774143
Jumman04/DataManager,0.999993938396672
hollow-cube/mql,0.9999940248526031
oguzkaran/JavaApp2-Jan-2024,0.999995635648476
Rozmir-Rohi/mo-creatures-legacy,0.999994554909118
karthikreddy-7/TCS-NQT-CODING-SHEET,0.9999946163362322
Direwolf20-MC/JustDireThings,0.9999856564631638
armankhondker/leetcode-solutions,0.9999939791279847
maveniverse/toolbox,0.9999853208595226
TFyre/bambu-farm,0.9999931652822397
sidduganeshsid/Core-Java,0.9999940694739206
JaneMandy/CVE-2023-51467-Exploit,0.9999939938931901
SandhyaMadhunagula/Javalab,0.9999940694739206
naveenanimation20/SeleniumKeywordDrivenFramework,0.9999946518898144
Trendyol/kafkathena-jakarta,0.9999965853831027
google-checks/checks-jenkins-plugin,0.9999954441971302
JeevananthamPrabhu/to-do-list-full-stack-java,0.9999939791279847
Rapter1990/parkinglot,0.9999913023384408
semih-turan/The-Full-Stack-Web-Development-Bootcamp,0.9999939791279847
OWASP/www-project-netryx,0.9999987960957474
vsouzx/Events-Driven-Ecommerce,0.9999939947161587
cezarysanecki/parking-domain,0.9999416521878728
frc-862/rhapsody,0.9998665031670921
mytang0/brook,0.9999973532179267
stephanj/BM25,0.9999963281576515
sisby-folk/surveyor,0.9999691423055788
ImKennyYip/flappy-bird-java,0.9999939791279847
erupts/Linq.J,0.9999990412769643
zhushimmer/enhance-rpc-zt,0.9999939791279847
johnnyb/ntag424-java,0.999997345776435
evpl/jkscope,0.999859468726037
weilueluo/tsm4j,0.9999979092197897
AndroidIDE-CN/AIDE-Plus,0.9999939666197403
Pulikovskyy/fixitnow,0.9999939791279847
liubingmx/fast-spring-test,0.9999954482773548
jimmyjames/fga-spring-examples,0.9999973026205243
anonymous123-code/quilt-bisect,0.9999944351090088
drcircuit/wchhack,0.9999940737158044
1321928757/chatgpt-sdk-java,0.9999969699626838
mitang0320/leetcodeHot100,0.9999939791279847
segment-anything-models-java/SAMJ-IJ,0.9999943944746986
burukeYou/spring-smart-di,0.9999939947161587
MagicHarp/confluence,0.999994301349889
AndreaCorsini1/SelfLabelingJobShop,0.9999940054816073
GaoSSR/OnePRO,0.9999939791279847
Divested-Mobile/Carrion,0.9999943522535192
fzzyhmstrs/pc,0.9999941214550898
JasonCareter/fast-mlkit-translate-text,0.9999939931540427
Kehrlann/spring-boot-testing,0.9999966698667717
mariofusco/quarkus-drools-llm,0.9999942101633966
sentrysoftware/metricshub,0.9962785074210725
afsalashyana/Spring-Boot-Tutorials,0.9999970343003435
bizhangjie/CatVodSpider,0.9999940114243294
dumbo-the-developer/Duels,0.999993812589028
Incendo/cloud-minecraft,0.9999981521807978
tomalbrc/blockbench-import-library,0.9999940049441648
polymorphicshade/Tubular,0.9999910449702404
StandardSolvers/ps-code-snippets,0.9999959710921467
sayxiaoyan/XiaoRanLiu3119-TVBoxMobile,0.9999939970985255
DragunWF/Student-Admissions,0.9999939791279847
aws/amazon-gamelift-agent,0.9997882541360052
CompassSecurity/jwt-scanner,0.9999942731824327
B-Rajagopalan/CodingAtti-YouTube,0.9999945165091533
spring-tips/spring-authorization-server,0.9999939947161587
longerye/im-chat,0.9999940776983486
handsomestWei/mybatis-mapper2sql,0.9999940038356688
nkuhn-vmw/GenAI-for-TPCF-Samples,0.999994430849841
soundvibe/ha-danfoss,0.9999955467952913
MincraftEinstein/SubtleEffects,0.9999942442124781
PaperMC/SectorTool,0.9999940248406225
ColdeZhang/Dominion,0.9999853947767642
respondnow/respondnow,0.9999866871234889
eclipse-tracecompass/org.eclipse.tracecompass,0.9705195672767518
shmuelzon/home-assistant-floor-plan,0.999987407510683
GeyserMC/ThirdPartyCosmetics,0.9999942366675773
Rearth/Oritech,0.999977097402719
quarkiverse/quarkus-fx,0.9999905308257112
0Akshay/passcrypt,0.9999939791279847
hardingadonis/saledock,0.9999723043228159
aditya-dua/JBDL-65,0.9999948380522263
yubb-ai/unofficial-gpt4,0.9999938193980764
parttimenerd/meta-agent,0.999994327104296
bowbahdoe/jdbc,0.9999980592589709
codeaashu/JAVA-Programming-Challenge,0.9999939791279847
qos-ch/logback-access,0.9999993677825012
ChloePrime/AAAParticles,0.9999939592923808
lokerxx/JavaVul,0.9999939791279847
begcode/begcode-admin,0.9882520467468755
Spectrum3847/2024-Ultraviolet,0.9999922470721108
AllayMC/EncryptMyPack,0.9999940946331728
codeIntrovert/90daysOfDSA,0.9999939791279847
BREAD5940/2024-Onseason,0.9999944722436733
charmy/react-native-stroke-text,0.9999941388667383
caoccao/swc4j,0.9999936887175471
6tail/tyme4j,0.9997828049413799
extism/chicory-sdk,0.9999945101988184
std-microblock/TGStickerProvider,0.9999939876490928
alltick/alltick-realtime-forex-crypto-stock-tick-finance-websocket-api,0.9999941146057569
TiagoFar78/PrisonEscape,0.9999543333825088
biagioT/jpa-search-helper,0.9999959615574671
RobertElderSoftware/robert-elder-software-java-modules,0.9999939953783136
krkarma777/moonbam,0.9999065178123329
darksolopic/PasswordManagerGUI,0.9999939791279847
Javabykiran-Angular/161_AdvancedJava,0.9999939791279847
bennamrouche/irc-tester,0.9999941436509516
Rapter1990/springbootsecurity,0.9999990864352825
3kh0/eaglercraft-1.8,0.9999940646101605
GOLDILOCKS-DBMS/IITP_TASK,0.9999942010304459
crystoll/musashi,0.9999939791279847
AHUCodingBeast/Waiting-Batch-Bus,0.9999939791279847
shinee0401/AdminPanel_Vue,0.9999939791279847
15911075183ma/java-onnx-yolo,0.9999939791279847
sasmithx/Chat_Application_Socket_Progrmming,0.9999939791279847
w1th4d/JarPlant,0.9999946495264642
swan-io/react-native-browser,0.9999943681031036
anitalakhadze/multiple-auth-api,0.9999944718283005
xu-shawn/Serendipity,0.9996201540955366
ShafiqSadat/IPTVTelegramBot,0.9999939938931901
mishmash-io/opentelemetry-server-embedded,0.9999942308042928
miliariadnane/spring-boot-doc-rag-bot,0.9999939791279847
gradlex-org/java-module-packaging,0.9999940173904065
JAgentSphere/bytebuddy-agent-demo,0.9999940534759401
wisemapping/wisemapping-open-source,0.9999992541560426
cbrewitt/flipping-copilot,0.9999979153672008
SnowCutieOwO/Continue,0.9999941323046166
CodingGay/BlackShadow,0.9999948536466081
HaHaWTH/AdvancedSensitiveWords,0.9999943187678562
OpenCubicChunks/CubicChunks3,0.9999951528019855
tzolov/playground-flight-booking,0.9999942132224562
abhishekabhi789/LyricsForPowerAmp,0.9999940558254069
sjrsjz/vulkanite-modified,0.9999940267293574
LekKit/ScalarEvolution,0.9999940139882167
Shawnarun/DevelopersStack-OpenSourceNexus,0.9999807723273038
zied-snoussi/git-test,0.9999946282416744
MemoryZy/ZhiYouToolkit,0.9999940394724859
SatvikNema/satchat,0.9999942261532578
uladzimirFilipchanka/noredraw,0.9999944337049845
habuma/spring-ai-rag-example,0.9999939791279847
mssanamateen/OOP-using-Java,0.9999944372164878
1321928757/chatglm-sdk-java,0.999994630493985
artsiomkorzun/1brc-walkthrough,0.9999944181529189
SightStudio/jOOQ-inflearn,0.9997962988160789
SpringBootCourses/cqrs-banking-app,0.9999940717906366
tony-xlh/vision-camera-cropper,0.9999941154379326
jlokitha/group_chat_app,0.9999939791279847
sh111-coder/sh-board-msa,0.9999988923251665
Gameye98/xtrspc,0.9999939938931901
seifrajhi/Kubernetes-practical-exercises-Hands-on,0.9999781785592442
linkedin/openhouse,0.9982182599637747
eaglerforge/EaglerForge-old,0.9999947051607622
flynndi/quarkus-jimmer-extension,0.999401094689232
BreweryTeam/BreweryX,0.9999882455306398
kafbat/kafka-ui,0.9996401858282775
SSANJAY225/offline_device_finder,0.9999944181529189
Fatimakhan0/javalab,0.9999946210921618
DGuhr/spring-otel-extended,0.9999940737158044
daylanbueno/auth-api,0.9999939904742627
jzelAdmin2006/m306-TouGH-Vault-github-backupper,0.9999939791279847
iNuman/PdfHighlighter,0.9999944181529189
gayanukabulegoda/Live-Chat-Room,0.9999939791279847
codebaorg/redis-keeper,0.9999961273112665
daisukiKaffuChino/MomoQR,0.9999944344064505
ArtformGames/BungeeAuthProxy,0.999994014746577
MEEPofFaith/black-holes-library,0.9999939390807456
Missuo0o/FoodDeliveryBackend,0.9999939791279847
Fernanda-Kipper/desafio-anotaai-backend,0.9999955971488954
Naton1/osrs-pvp-reinforcement-learning,0.9999940000109937
SMGCommunity/Whitehole-Neo,0.9999932537672888
vaginessa/NPatch,0.9999939539876275
simasch/cqrs-meets-modern-java,0.999995052178374
StuyPulse/Izzi,0.9999726477022035
vivekanand-vr/javaFullStack-codebase,0.9999976333944087
Intelligent-CAT-Lab/CodeMind,0.9999941501745551
Katana-Official/XYNXposed,0.9999940013404203
filelize/filelize-java,0.9999977117055667
brenoepics/at4j,0.9999779705863254
mt1006/mc-ar-mod,0.999994041476663
wisp-forest/accessories,0.9999893449772479
jithrew/PantryMate,0.9999939791279847
N1nn1/dye_depot,0.9999914310187069
Anof-cyber/AlphaScan,0.9999939816284236
W01fh4cker/MemshellKit,0.9999939791279847
oviva-ag/ehealthid-relying-party,0.9999167192688418
mitre-public/open-aria,0.9995545850628049
maciej-MKan/chess,0.9999829459494394
wudgaby/wudgaby-platform,0.9999972408760651
jadonharsh109/IaC-Master-Actions,0.9999894759791436
NodeMedia/react-native-nodemediaclient,0.99999372881091
microcks/microcks-testcontainers-java-spring-demo,0.9999946296888941
kousen/springaiexamples,0.9999981050548276
nipafx/modern-java-demo,0.9999939791279847
manusa/helm-java,0.9999766013340065
AntiP2WDevelopment/AntiP2W-Addon,0.9999940061425994
seregamorph/spring-test-smart-context,0.9999939692034086
qos-ch/logback-tyler,0.9999984757622804
cap-js/cds-intellij,0.9999844156286612
xixogo5105/uiptv,0.9999939953783136
vishalmysore/Tools4AI,0.9999930662430772
cedricp/ecutweaker,0.9999959664883066
EvaGupta02/AESEncryption,0.9999939791279847
ItziSpyder/ImproperUI,0.9999941837140112
OmniOneID/did-cli-tool-server,0.9999945880879567
C0de-cake/airbnb-clone-backend,0.9999939904742627
nilsreichardt/gad24-tests,0.999993121253804
jon-mil-92/DisplayHotKeys,0.9999939778014487
amaseng/myinvois-open-sdk,0.9999943344043357
Shenzhen-Robotics-Alliance/FRC-Phantom-DriveBase,0.9999939791279847
appujet/jiosaavn-plugin,0.9999936639182087
ax1sX/RouteCheck-Alpha,0.999994020827653
lhccong/sql-slow-mirror,0.9999940850621167
retoocs007/JavaSysMonitor,0.9999939996550942
springframeworkguru/spring-ai-intro,0.999993838686699
Parcheng/combine-java,0.9999876213278205
trinodb/aws-proxy,0.9999687174962206
SpigotRCE/ParadiseClient-Fabric,0.9999940797821819
quangnguyenvn/JSON0,0.9999942841613789
HChenX/HookTool,0.9999922897330822
Lambdua/openai4j,0.9999856892567079
ZahidFKhan/Streams-API-Practices,0.9999936811793707
beyond-aion/aion-server,0.9999957192971358
lavalink-devs/youtube-source,0.9999925547471772
xdev-software/testcontainers-junit4-mock,0.9999839427729902
826148267/cjml_server,0.999994337135751
jd-opensource/joylive-agent,0.9999812627467258
ahmedaliibrahim01/TourismAgencyManagementSystem,0.9999939791279847
halilibrahimsaltas/TourismAgency,0.9999939791279847
Keremyardan/Tourism_Agency_Java_Swing,0.9999939791279847
5cmc/grim-trident,0.9999940356060739
Thoroldvix/youtube-transcript-api,0.9999981202778514
WolfLink-DevTeam/lite-etl,0.9999939947161587
sahilshelangia/system-design,0.9999939791279847
eclipse-4diac/4diac-ide,0.9979855364308249
Azure/azure-event-hubs-emulator-installer,0.9999942610750394
GeyserExtras/GeyserExtras,0.9999941353991993
ChunhThanhDe/Leetcode-Top-Interview,0.9999939791279847
FileContainer/iAdb-api,0.9999939791279847
garlic-bred/easy-bedrock-breaker,0.9999942224636452
YunaBraska/streamline,0.999993419216109
oussemamansouri/Labs-Spring-Boot-for-campusna,0.9999939791279847
harryjackson/llm.java,0.9999950743013588
OmniOneID/did-common-sdk-server,0.9999944751607202
Gayanukaa/companyA-backend,0.9999944840250945
yangfeng20/ja-netfilter,0.9999939947161587
LizeRaes/feedback-analyzer,0.9999945343793755
galliumdata/adumbra,0.9999939904742627
GPTScan/GPTScan,0.9999940088415902
danvega/spring-into-ai,0.9999940581276133
dromara/MilvusPlus,0.999994292544437
thedarkcolour/ForestryCE,0.9999914596644669
sepgh/testudo,0.9999942308144402
Kei-Luna/LunaGC_4.6.0,0.9999937196669934
spartanoah/acrimony-client,0.9999940089554207
Alireza12ss/Alinkedia,0.9999944487199957
Krishna18062005/Problem-Solving-Day-101-250,0.9999941323046166
Netflix/maestro,0.9954056159380654
mpi-sws-rse/jmc,0.9999814144979734
apache/spark-kubernetes-operator,0.9999519451499126
jazzytomato/intellij-hurl-plugin,0.9999939376852802
karatelabs/karate-js,0.9999875078685142
Alexdoru/ExampleMod1.8.9,0.9999939791279847
stephanj/rag-genie,0.9999951286861349
PamodRathnayake/Social-media-platform-with-API-Master-of-Spring-Boot,0.9999939791279847
luchob/softuni-spring-may-2024,0.9999967488457491
JeevananthamPrabhu/leave-management-system,0.9999939791279847
RAVANA-Final-Project/RavanaAPMS,0.9999944040560875
arun0009/idempotent,0.9999951092952086
jbellis/coherepedia-jvector,0.9999939969978175
firstfault/Trinity,0.9999944555576585
koppor/github-contributors-list,0.9999942958231435
gz10177lg/Light-Benchmark,0.9999939969978175
benayat/rag-with-spring-ai,0.9999940581276133
enofex/taikai,0.9999940854342161
corbado/corbado-java,0.9999979026423613
RoseTame/MusicPlayer,0.9999944329210424
lucidity-labs/maestro,0.9999942800380052
DJ-Raven/java-sample-form,0.9999939969978175
MiranCZ/altoclef,0.9999939389486536
Finally-A-Decent/Fadah,0.999993724162982
TreeOfSelf/CarpetSkyAdditions-Reborn,0.9999946556988256
EmbarkXOfficial/Spring-Security-Course,0.9999940581276133
DancingPumpkin65/code-wars-challenges,0.9999939791279847
yint-tech/ProxyCompose,0.9999939791279847
mayunyi/react-native-brayant-ad,0.9999940223284993
KOSASIH/fcn-property-commerce-core,0.9999934072102167
valkey-io/valkey-java,0.9444269722721523
qianxiao996/BurpSuite-FrameScan,0.9999939622132772
AkiChase/scrcpy-mask-server,0.9999991376048251
StarRocks/SQLTransformer,0.9999951354614306
uaoan/UaoanDLNA,0.9999944598609619
MoeStick/Polar-client,0.9999939938931901
carldea/cognitive,0.9999957975740604
songbiaoself/SuperHotSwap,0.9999941683586832
FRCTeam2910/2024CompetitionRobot-Public,0.9999962360083466
jakgor471/BSPEntSpy,0.999993996795332
jwplayer/jwplayer-react-native,0.9999905018199144
SleepyFish-YT/Nemui,0.999993998624461
Krishna18062005/LeetCode-Problems,0.9999939791279847
electronstudio/jaylib-ffm,0.9999940822179446
palantir/javapoet,0.9996988860060023
gtrxAC/discord-j2me,0.9999839775090394
mc-wiki/minecraft-mod-heywiki,0.9999892559174528
anuragts/tangerine,0.9999943963744083
HemanthManuvel/Java-Learning-,0.9999939791279847
Aishwaryavenkat10/TestNG-Project,0.9999946407286306
marcos-dev79/AlgorithmsStudies,0.9999939791279847
MYethishwar/JavaLabCraft,0.9999941323046166
loiane/copilot-demo,0.9999944486609054
OmniOneID/did-core-sdk-server,0.9999944101100589
MuleSoft-AI-Chain-Project/mule-ai-chain-connector,0.999984515014848
marcushellberg/java-chat-with-documents,0.9999942775370855
ZeyoYT/AiLama,0.9999939857522452
CapyKing10/CapyAddon,0.9999942859889794
datouo/CTF-Java-Gadget,0.9999939938931901
oussemamansouri/JAVA-Challenges,0.9999939791279847
0linlin0/XPost,0.9999939947161587
houbb/minicat,0.9999939572746122
EmbarkXOfficial/spring-boot-course,0.9999939969978175
RelativityMC/ScalableLux,0.9999937783071196
luohongtu/agency-lock,0.9999939791279847
theodo-fintech/spring-data-event,0.99999713261682
OmniOneID/did-ca-server,0.9999945429499604
Nova-Committee/CheatDetector,0.9999911505607645
jagodevreede/sdkman-ui,0.9999974237719644
advent-of-craft/2024-summer-craft-book,0.9999977546189489
MInggongK/SpringbootGuiExploit,0.9999939791279847
vulinh64/spring-base,0.9999947909727114
ThomasOM/Dusk,0.9999965668573488
MoeStick/Skyblock-Extras,0.9999939938931901
aws-samples/real-time-social-media-analytics-with-generative-ai,0.9999943533108665
Tap30/hiss,0.9999972342203435
natanimn/Telebof,0.9999938611919599
LitleProgrammer/3d-gui-api,0.9999943673707509
dRAGon-Okinawa/dRAGon,0.9999243172668513
xiewuzhiying/VS-Addition,0.9999936525682104
quarkiverse/quarkus-roq,0.9999108912136204
DharshiBalasubramaniyam/Fullstack-E-commerce-web-application,0.9999939791279847
asdflj/AE2Things,0.9999915161047617
jenkins-infra/plugin-modernizer-tool,0.9993964269745449
Swapnikavinukonda/java_files,0.9999945360803473
Mqzn/Lotus,0.9999935915682547
thesurlydev/spring-ai-collab,0.9999955433898564
headlesshq/mc-runtime-test,0.9999941940041762
z64a/star-rod,0.9999944033851118
alina-yur/native-spring-ai,0.9999939791279847
OmniOneID/did-api-server,0.9999945737228322
OmniOneID/did-blockchain-sdk-server,0.9999944553510686
tarihub/hack-flank-cicd,0.9999944741564126
AvarionMC/graves,0.999993900319024
eclipse-mat/mat,0.9996427719993248
user93390/seasnail1,0.9999940819651356
Siepert123/create-legacy,0.9999942124853466
LMAX-Exchange/solana4j,0.999878104231291
bsorrentino/langgraph4j,0.999997903198166
Badbird5907/GHShareXUploader,0.9999939791279847
bowbahdoe/jdk-httpserver,0.9999956450764962
mabartos/keycloak-adaptive-authn,0.9999939967993202
enisHatipoglu23/tourismAgency,0.9999939904742627
jhspetersson/packrat,0.999999172067161
testcontainers/java-module-workshop,0.9999945713603139
Fernanda-Kipper/ai-assistant-java,0.9999939791279847
kp7742/RootOverlay,0.9999940054816073
pazvanti/Phoenix,0.9999988188226389
Rafaelmdcarneiro/emulator-detection,0.9999939791279847
HMZElidrissi/bank-management-system,0.9999960651516736
FinalForEach/Cosmic-Reach-Save-Library,0.9999940581276133
CleanroomMC/Scalar,0.999994100221041
nonamecrackers2/simple-clouds,0.9999818876172338
boozallen/aissemble,0.9997939209059548
nextflow-io/language-server,0.9999931667592055
thebuildcraft/RemotePlayerWaypointsForXaero,0.9999938821353602
devoxx/DevoxxGenieIDEAPlugin,0.9998703047444808
qq418745/spring-ai-example,0.9999939791279847
Randgalt/java-composer,0.9997268079884125
bitstorm/modern-webdev-wicket,0.9999939791279847
OmniOneID/did-crypto-sdk-server,0.9999944957693733
Crazylegstoo/JQuickTake,0.9999940194238454
elmfrain/cnmcu,0.9999946097045775
bredlix/wf_companion_app,0.9999944971684058
AE2-UEL/MekanismEnergistics,0.9999942817789387
IlyaKukharchuk/InfopostAccountService,0.9999966502670405
xdsswar/nfx-lib,0.9999939947161587
MaiDinhVinh/CS-Java,0.9999525895713967
st0x0ef/stellaris,0.9999939948434985
sivaprasadreddy/spring-boot-microservices-course,0.9999955408181177
mybatis-mp/mybatis-mp,0.9993247615040428
quic/ai-hub-apps,0.9999930772694599
J4C0B3Y/MenuAPI,0.9999939953783136
Xyness/SimpleClaimSystem,0.9999929864055455
deerborg/Tourism-Agency-Management,0.9999939791279847
CSEdgeOfficial/Java-Programming-Internship,0.99999202122173
GreenScripter/minecraft-bot,0.9999939904742627
TayebsouiniYcode/CoffeeWithDeveloper,0.9999943423489205
loiane/api-security,0.9999940035943732
OmniOneID/did-datamodel-sdk-server,0.9999944101100589
ComPDFKit/compdfkit-api-samples,0.9999939791279847
DIVISIO-AI/whisper-java,0.9999939791279847
Kooperlol/Blockify,0.9999942203911839
noovertime7/yingsuo-plus,0.9999942032508273
phegondev/users-management-system,0.9999939969978175
Hypejet/Jet,0.9999988194374161
forestwanglin/okx-v5-java,0.9999952388145597
future0923/debug-tools,0.9999970404693338
SchweizerischeBundesbahnen/ch.sbb.polarion.extension.pdf-exporter,0.9998132121363553
hashgraph/hedera-block-node,0.9997189043556839
asaikali/spring-ai-zero-to-hero,0.9999943921325714
LovetheFrogs/OptiGraph,0.9999946831057952
xyzbtw/rusherGUI,0.9999940828353179
joyheros/realworld,0.9999959999232017
anaconda875/reactive-hibernate-spring-boot-starter,0.9999944266828429
alaturqua/trino-ai,0.9999944241935275
agitrubard/java-spring-best-practices,0.9999963216264149
ViaVersionMCP/ViaForgePlus,0.999994211578202
core247/keycloak-eds-plugin,0.9999990655593919
alxkm/articles,0.9999883647862967
SchweizerischeBundesbahnen/ch.sbb.polarion.extension.generic,0.9999118806356532
rfresh2/NoTextureRotations,0.9999940241824762
msx80/DoorsOfDoomOmicron,0.9999951091327276
foxynotail/create-storage-mod-fabric,0.999993640476576
csiitian/Interview-Preparation,0.9999939791279847
RogoShum/BruteForceRenderingCulling,0.9999940054907521
Moulberry/MixinConstraints,0.9999941703787995
GeyserExtensionists/GeyserModelEngine,0.999994727548067
neoforged/ModDevGradle,0.9999413868181829
mukel/llama3.java,0.9999946098434657
JiuTian-VL/Optimus-1,0.9999939947161587
AAdewunmi/Grokking-the-Coding-Interview-Patterns-for-Coding-Questions,0.9999939791279847
chenxiaolong/PixelLight,0.9999945603175546
Devlrxxh/Neptune,0.9999943239171064
wohaopa/GTNHModify,0.9999939737462663
failutee/Mineject,0.9999944640013796
OmniOneID/did-ca-aos,0.9999947496985314
OmniOneID/did-wallet-server,0.999994737535822
sattinos/xrest,0.9999994206608284
artlibs/autotrace4j,0.9999980743499581
MultiArrayQueue/MultiArrayQueue,0.9999939947161587
msbaek/vsa-tdd,0.999994849403204
Interlink-Media/Sierra,0.9999844023935864
grishka/poke.dex,0.9999940728928309
viktorpergjoka/spring-k8swatcher,0.9999966421572758
houbb/nginx4j,0.9999926249911253
dflib/jjava,0.9999996776400955
ethaanol/mirage,0.9999940013404203
RapierXbox/ShellyElevate,0.9999940412517736
gporter0205/schwab-api-client,0.999999678010044
genepi/cloudgene3,0.9999842983507139
corentingosselin/ProdigyCape,0.999994543535439
Consensys/linea-sequencer,0.9999490431537575
awslabs/analytics-accelerator-s3,0.9994851807259517
hoangtien2k3/shopapp-backend,0.9999938329474755
patternhelloworld/spring-oauth2-easyplus,0.9999953678961361
starlake-ai/jsqltranspiler,0.9999985159789252
BramStoutProductions/MiEx,0.9999941415362897
apache/polaris,0.9984865656353046
DHD2280/Oxygen-Customizer,0.9999892546044475
Anirudh1103/Complete-Java-and-DSA,0.9999939791279847
Runadee/TourismAgency,0.9999939947161587
Vavaste/openai-java,0.9999973823957025
itsJohnCnstn/service-template,0.9999942329096926
aizuda/doc-apis,0.9999945242727961
Xposed-Modules-Repo/io.github.tehcneko.clipboardwhitelist,0.9999939938931901
OmniOneID/did-verifier-server,0.9999945073543636
OmniOneID/did-wallet-sdk-server,0.9999944101100589
annuk123/Java-Questions,0.999994430849841
jazzybruno/Spring-Boot-Template,0.9999939791279847
jaiswaladi246/Mission,0.9999939791279847
Atharvkote/Data-Structures-Algorithms,0.9999944421962935
Kerosene-Labs/kindling,0.9999946063758679
OracleBrain/Temperature-Conversion-Program,0.9999939791279847
aws-samples/sigv4-signing-examples,0.999994430849841
wxy0715/java_bucket,0.9999977546189489
gabrielgua/realworld-springboot,0.9999985511418716
flutter-youni/flutter_youni_gromore,0.9999939947161587
Akarshjha03/Javatopia,0.9999939791279847
Rixafy/LatteSupport,0.9999949741881449
oracle-devrel/springai-rag-db23ai,0.9999940905988771
Kehrlann/spring-security-the-good-parts,0.9999940759975002
j-hc/FlagSecurePatcher,0.9999940984235116
NisalWick2002/Library-Management-System,0.9999939791279847
Seyma000/TourismAgency-main,0.9999939791279847
khiner/CrosswordFiller,0.9999941323046166
settle-club/java-integration-sdk,0.9999947202358414
Pan4ur/ThunderHack-Updater,0.9999939999325873
baby1194/spring-boot-vuejs,0.9999967023017908
jianyuan1991/ragdemo,0.999995898724465
MoeStick/Taunahi-V3,0.9999940728928309
gmitch215/SocketMC,0.9999944307398084
yohanes/zygisk-reflutter,0.9999944592799229
Numelon-Softworks/ThreatenGL,0.9999940733416155
Liubsyy/JarEditor,0.9999936681903995
apache/bigtop-manager,0.9998946140796052
Dashstrom/tp-antlr,0.9999940844812663
ikaraozdemir/tourizmAgency,0.9999939791279847
opensearch-project/user-behavior-insights,0.9999928063998657
HypixelDev/ModAPI,0.9999945400634804
rahulkrishy/CPT_Java,0.9999939791279847
joeljhou/RabbitMQ,0.9999954320158136
spring-tips/java22,0.9999939856105233
Yldrmceyy/TourismManagmentSystem,0.9999939791279847
Krishna18062005/Problem-Solving-Day-41-60,0.9999944450080124
Pedro-Pathing/Pedro-Pathing-Quickstart,0.9999944407359737
which0113/community-post-manage,0.9999939947161587
FoundryMC/veil-example-mod,0.9999940259678977
JacksonHoggard/raydream,0.9999941006462052
frc1678/C2024-Public,0.9999940575112608
WilloIzCitron/ArchiveDustry-Java,0.999994206409372
15139467313/czh-tool,0.9999940202468156
WarTechMod/Warfare-Technology-1.7.10-NTM-Addon,0.999994120933005
pfeodrippe/vybe,0.9999941325884365
AzzappApp/react-native-skia-video,0.9999935472636083
chenjinhu/XpAuto,0.9999944181529189
YAPP-Github/mafoo-backend,0.9999874179827395
tginsberg/gatherers4j,0.9999357993909649
ivangfr/api-oha-benchmarker,0.9999939791279847
wushuo894/EmbyPinyin,0.9999938242164012
ShawnWhite666/HTimer,0.9999939791279847
iamcharankumar/playwright_test_framework,0.9999970868131948
hexaredecimal/BlazingWebX,0.9999940276746623
Alumopper/Datapack-Debugger,0.9999943134172083
xeruvimov/jproblem,0.9999940987325341
vittorioPiotti/PathGraph-JavaFX,0.9999939938931901
AtlasEngineCa/AtlasProjectiles,0.9999942824410745
Noble-Lab/Carafe,0.9999942492168025
diommsantos/QtREAnalyzer,0.9999940581276133
depromeet/Swimie-server,0.9998137355668444
Kei-Luna/LunaGC_5.0.0,0.9999948796234914
Ch0pin/stheno,0.9999939947161587
coinbase-samples/advanced-sdk-java,0.999994248720686
CaiJi-ikun/DG_LAB,0.9999939953783136
Tutorials-By-Kaupenjoe/Fabric-Tutorial-1.21.X,0.9999882926413525
wyatt-herkamp/too-many-shortcuts,0.999994348366523
developer-krushna/AXMLPrinter,0.9999940728928309
scordio/jimfs-junit-jupiter,0.9999940850850573
thomasmueller/bau-lang,0.9999972002935149
AikidoSec/firewall-java,0.9984041409304028
CompilerProgramming/ez-lang,0.9999946968586275
advent-of-craft/2024,0.9999961305584333
pietro-lopes/AllTheLeaks,0.9999940991875823
re-zero001/LSPosed-Irena,0.9999941087595181
Patbox/mrpack4server,0.9999942165229929
Shenzhen-Robotics-Alliance/maple-sim,0.9999850102514408
yashksaini-coder/August-Leetcode-Daily-2024,0.9999942694260314
GlowskiBroski/PhoenixClient,0.9999940245435979
TianXuan-Chain/thanos-demo,0.9999939791279847
yashksaini-coder/October-Leetcode-Daily-2024,0.9999939710169364
PramodDutta/LearningATB7xJavaPrograms,0.9999939904742627
xxDark/Deencapsulation2,0.9999939791279847
Hindhuja-V/DBMS-System-project,0.9999939791279847
ProyectosCoPersonales/Scalable-E-Commerce,0.9999939791279847
praveen1994dec/scenario_based_learnings,0.9999939791279847
ngntu10/OptiMart,0.999994078178517
GuyApooye/ClockworkAdditions,0.9999945635041683
novysodope/javaeasyscan,0.9999940094813656
apple/music-feed-examples,0.9999940581276133
des-felins/spring-modulith-demo,0.9999944235838046
microsoft/semantic-kernel-java,0.9999461776999355
zilliztech/vts,0.9980420968677794
Roger-Lv/data-switch-with-Netty,0.999995052178374
wenbochang888/short-url,0.9999941501745551
Giovds/outdated-maven-plugin,0.9999976607737765
AlohaRaycin808/Minecraft-Vape,0.9999940728928309
louie-velarde/DevQS,0.9999940904239973
jiangnanboy/llm_security,0.9999939791279847
alibaba/spring-ai-alibaba,0.9998473507629947
esmaeilsadeghijob/Benchmarking-Consensus-Mechanisms-in-Microservice-Compotition,0.9999939720398416
EthanolMC/EthanolMod,0.9999941476680747
J4C0B3Y/CommandAPI,0.9999940047267428
Exclude0122/xivpn,0.9999942068072302
bilirz/maomod,0.9999945389980217
Cap-go/capacitor-social-login,0.9999937674249385
danvega/spring-ai-workshop,0.9999939986986448
timschneeb/jadx-type-diagram-plugin,0.9999940080845211
Softwerkskammer-Linz/SoCraTesAT-2024,0.999994858464488
Hindhuja-V/devOps-project,0.9999942010304459
xsreality/abstractness-instability-calculator,0.9999970394439358
IAFEnvoy/IceAndFire-Fabric,0.9999940011986987
sivaprasadreddy/tomato-architecture-spring-boot-demo,0.9999946527130624
Benojir/Caller-ID,0.9999946513702995
convisolabs/CVE-2024-43044-jenkins,0.9999940125860012
MrXian763/friends-matching-backend,0.9999968051205187
DorianMazur/react-native-keychain-manager,0.9999942140925641
bty834/spring-tx-message,0.9999939791279847
KoshakMineDEV/ICSTD,0.9999946618481407
wansors/myfaba-hacks,0.9999943528344244
ab5tract/comma-plugin,0.9999910726510577
esmaeilsadeghijob/Raft-Consensus-in-Microservice-Composition,0.9999939938931901
aquestry/Nebula,0.999994430849841
prateek27/design-patterns-java,0.9999939791279847
ArtyomKingmang/Lino,0.9999939791279847
flowinquiry/flowinquiry-server,0.9999922178700646
ivanyu/kafka_wire_protocol,0.9415483027019358
Lunatix01/ragscan,0.9999941763461158
garciia28/CoinMarketCapSniper,0.9999939938931901
xdev-software/vaadin-grid-filter,0.9999923171964302
SAP/ai-sdk-java,0.9998464250467206
Mark-Langston/Marks_Computer_Builds_Remote,0.9999939791279847
0WhiteDev/Java-Process-Inspector,0.9999939938931901
cyllective/malfluence,0.9999939791279847
jezyk12/Minecraft-Impact,0.9999939938931901
Team846/FunkyLogClient,0.9999940837263916
TeamDATEROAD/DATEROAD-SERVER,0.9999125243036696
ImgoodWK/Hyperdimensional-Tech,0.9999940884810237
niqumu/Irminsul,0.9999940581276133
pmoustopoulos/customer-api,0.9999987857215383
FRC-team5449/FRC-2025-Elective-Prototype,0.9999942010304459
sculkmp/Sculk,0.9999939126546628
VelixDevelopments/Imperat,0.999993456976617
aws-samples/iceberg-streaming-examples,0.999994020827653
mqttsnet/open-exp-plugin,0.9999995790163201
xk-dragonfly/xk-RPC,0.9999939791279847
DuncanRuns/Jingle,0.9999935295685327
frknkrc44/SmartPiXelsPosed,0.9999940581276133
Swifter1243/BeatCraft,0.9999944934767775
spring-projects-experimental/spring-grpc,0.9999903937288002
Rapter1990/springbootmicroserviceswithsecurity,0.9999809362580229
hstr0100/GDownloader,0.9999986379197824
kuba6000/AE2-Web-Integration,0.9999945328563047
sidd-harth/jenkins-hello-world,0.999994430849841
fglock/PerlOnJava,0.9999947183488899
bambosan/MaterialBinLoader-Apk,0.999994622431863
Abdelrhman-Ellithy/Ellithium,0.9999940986329072
Roadhog360/SimpleSkinBackport,0.9999941043342082
davidtos/LIO_old,0.9999939955767413
aliFetvaci61/credit-finance-application,0.999996831513509
kousiknath/Concurrency,0.9999939791279847
Tencent/TencentKona-21,0.9743472853419234
XinCaoZ/RouteVulScanPlus,0.9999940202468156
jumpserver/chen,0.9999841257781159
BulPlugins/BulMultiverse,0.9999942280126928
wchwawa/Java-Agents-Webapp,0.9999861645292636
FireflyClub/FireflyCore,0.9999939969568037
BubblingXuYijie/secure-api-spring-boot,0.9999940233514568
Kei-Luna/LunaGC_4.7.0,0.9999947136332503
cosad3s/salsa,0.9999940196853528
Bram1903/TotemGuard,0.9999943537184748
ing-bank/INGenious,0.9999987333258527
vagabond-systems/forage-midas,0.9999944980348938
rayokota/kwack,0.9999974169976483
17TheWord/QueQiao,0.9999946787076434
sivaprasadreddy/spring-modular-monolith,0.999994174490917
chainbase-labs/manuscript-core,0.9999891519679455
alex0x08/no-frameworks,0.9999939791279847
apripista/java,0.9999939791279847
ReadingGod/Minecraft-Vape-Lite,0.9999939938931901
Hindhuja-V/bluetooth-home-automation,0.9999942010304459
KirDemorgan/BeatSaberDsBot,0.9999939791279847
guiYMOUR/Mindustry-LotteryMod,0.9999940038356688
Rapter1990/rolepermissionexample,0.9999912023894536
daotq2000/spotify-be-public,0.9999939791279847
MartinxMax/S-Clustr,0.9999940038356688
Alek-paint/Raven-B,0.9999939938931901
ashokitschool/springboot_whatsapp_api_integration,0.9999939791279847
TEAM-SEONYAK/SEONYAK-SERVER,0.9999830745118715
rostopira/bt_qs,0.9999939938931901
Sublemon-Team/Subvoyage,0.9999942116472742
snackbag/TT20,0.9999941967741287
gebz97/mandulis-ticketing-system,0.9999930278092637
cao-awa/Sepals,0.9999937518854387
ngud-119/Social-Network,0.9999942010304459
lopcode/vips-ffm,0.999979185285765
MemoryZy/Json-Assistant,0.9999936465896152
developer-krushna/XML-Formatter,0.9999940003577525
myth-MC/banco,0.999992409829087
CallmeSHaobe/123Technology,0.9999939587388713
vgskye/e4mc-minecraft-architectury,0.9999943617772842
NanoNative/nano,0.9999988491988444
Matt-MX/DisplayNameTags,0.9999948159651278
Sigma-Skidder-Team/SigmaRemap,0.999994610725999
HiveGamesOSS/Chunker,0.9999941390015973
wb04307201/easy-ai-spring-boot-starter,0.9999947208672312
Mino260806/KeyboardGPT,0.9999936550278199
project-au-lait/svqk,0.9999920525369789
tomaytotomato/location4j,0.9999983878606804
zziger/obs-overlay,0.9999940514812448
Ilya3point999K/ThaumicConcilium,0.9999942094990293
nextopcn/swiss-map,0.9999944760908491
nhn2004/ProyectoED,0.9999939947161587
panic08/funpay4j,0.9999927338987966
ivangfr/spring-boot-grpc-client-server,0.9999939791279847
Kiranwaghmare123/PG-DAC-Aug2024,0.9999939791279847
timosalm/spring-ai,0.9999943319391903
Asher-Ul-Haque/Just_Forge_2D,0.9999944514188284
Berikai/bitwig-theme-editor,0.9999941417395746
qifan777/dive-into-spring-ai,0.9999940250522911
IBM/sonar-cryptography,0.9998710510795947
Tutorials-By-Kaupenjoe/Forge-Tutorial-1.21.X,0.9999881897793749
DEVS-MARKET/Desktop-GifDisplay,0.9999940094813656
Infinicraft-Mod/infinicraft,0.9999946542925722
mikechenczy/LeapRemote-Server-Public,0.9999939791279847
Zorbatron/ZBGT,0.9999676228616012
PortSwigger/bypass-bot-detection,0.9999948036979491
quarkiverse/quarkus-temporal,0.9999871027699343
Rapter1990/ratelimiter,0.9999985576438061
NerminKarapandzic/spring-boot-nextjs-starter-kit,0.999994358736099
phegondev/Ecommerce-Springboot,0.9999550610356555
BlueStaggo/moderner-beta,0.9999921935221682
unitycatalog/unitycatalog,0.9992806239352673
HuberHaYu/HXPlayer,0.9999941727798255
P-25/react-native-notification-reader,0.9999939760628231
omerstyle/Minecraft-Moon,0.9999939938931901
shire-lang/shire-demo,0.999994849403204
tbvns/GhostTrainer,0.9999940254632448
LDemetrios/Kvasir,0.9999939947161587
michael-ameri/gemini-api,0.9999940915732296
Doom9527/aristotle-webservice,0.9999922782732501
MaxBogomol/FluffyFur,0.9999941323046166
KirDemorgan/desaAPI,0.9999939904742627
h1tm4nqq/Nhack-theme,0.9999941884857888
abhilashgowda23/E-CommerceOnlineShopping,0.9999944003571909
Farooquekk/DSA-IN-JAVA,0.9999939904742627
LDAx2012/CSAgent,0.9999939938931901
Benojir/Fogplix-Anime,0.9999944746422134
graalvm/graal-languages-demos,0.9999943183644643
vinci-grape/ThinkRepair,0.9999939947161587
aws/amazon-q-eclipse,0.9995793248235453
clerk/clerk-sdk-java,0.9999956950361267
NEZNAMY/VelocityScoreboardAPI,0.9999941038747978
Endalion/trackwork,0.9999943695427032
LnYo-Cly/ai4j,0.9999992687693495
Potion-Studios/Oh-The-Biomes-Weve-Gone,0.9999906618881866
SaiUpadhyayula/spring-boot-3-microservices-course,0.9999941017703156
sava-software/sava,0.9999968655190841
52jing/wang-template-backend,0.9999990391062411
CDSecLab/MJXT,0.9999939791279847
AutoMQ/kafka-provider-comparison,0.9999989015921625
ssquadteam/Earth,0.9999939791279847
marcusmonteirodesouza/realworld-backend-spring-boot-java-keycloak-postgresql,0.9999946577416552
ssquadteam/Geyser-Anvil-Fix,0.9999940194238454
hakdang/cassdio,0.99998857139271
Bottle-M/PotatoPeeler,0.9999963509031536
ifahimkhan/MapApp,0.9999945150420434
ITsMrToad/PalladiumMod,0.9999943695427032
C0de-cake/whatsapp-clone-backend,0.9999939791279847
westwong/westDao,0.9999940047267428
7amo10/Complete-Data-Structures-and-Algorithms-tutorial,0.9999939791279847
vaccovecrana/frag-falcon,0.9999938862619634
chengpeng-wang/LLMDFA,0.9999940581276133
Team-Hankki/hankki-server,0.9999674786848854
MeteorClientPlus/MeteorPlus,0.9999938671650066
maeddes/hse-24-winter,0.9999940581276133
marieemoiselle/CS211-OOP-samples,0.9999939791279847
chriskiehl/Data-Oriented-Programming-In-Java-Book,0.9999939791279847
aviraxp/Zygisk-KeystoreInjection,0.9999940107764435
tree-sitter/java-tree-sitter,0.999981137070684
EmbarkXOfficial/spring-security-masterclass,0.9999939791279847
kaiachain/kaia-sdk,0.9998428231479062
great-jin/windows-process,0.9999940089554207
Aimirim-STI/4diac-Plugin-UAORT,0.9999940427104818
Infatoshi/mc-labeller,0.9999939791279847
joshlong-attic/2024-bootiful-spring-workshop,0.9999939791279847
gufranthakur/CodeLite,0.9999940728928309
OmniOneID/did-demo-server,0.9999946371050024
Spigot-Plugin-Development-Tutorial/security-cam,0.9999939791279847
ashokitschool/Microservices_Zero_To_Hero,0.9999941323046166
FlavorMate/flavormate-server,0.9999946232820821
jiangnanboy/text_security_audit,0.9999940114243294
gc-garcol/lmax-disruptor-bank,0.9999939486653641
AbdurazaaqMohammed/revanced-antisplit,0.9999940245435979
hippietrail/RetroGhidra,0.9999946256928005
OMZigak/KKUMER,0.9999851000769181
ThatMG393/legacy-vulkanmod,0.9999939851673811
NabihaShujaat/Wurst,0.9999939938931901
hoangsonww/Employee-Management-Fullstack-App,0.9999942857616361
czelabueno/langchain4j-workflow-examples,0.9999950408262243
AsadiAhmad/Square-root-DC,0.9999939791279847
Eve-146T/EVILSPIN,0.9999941813184784
HMYDK/AIGitCommit,0.9999943585203493
IBM/cbomkit,0.999993605690276
Jojoooo1/project-assignment,0.999997753121954
8MiYile/LSPatch-OP,0.9999954332302058
DancingSnow0517/Minecraft-DG-LAB,0.9999918450854496
Shenzhen-Robotics-Alliance/Maple-Swerve-Skeleton,0.9999917067472605
BacconKam/Minecraft-Vape,0.9999939791279847
smithy-lang/smithy-sparrowhawk-java,0.9999948380522263
MaleeshaMAdhushanka/CinnaCraftPro-layered,0.9999939791279847
lalakii/LaLauncher,0.9999940203017073
JavaaTechSolutions/movie-ticket-booking-system,0.9999939791279847
chuigda/vulkan4j,0.9999942267726153
Vishwajeet-Londhe/SPPU-CSE-SEM5-Codes,0.9999940581276133
Sarthakverse/Jwt-Authentication-Authorization-for-SpringBoot-3.3.0,0.9999939791279847
gregsh/parallel-zip,0.9999939791279847
unbrraise/Meteor-Client-addons-CH,0.9999939938931901
chamithKavinda/Coffee-Shop-POS-JavaEE-Backend,0.9999939791279847
algorithm-tools/ad4j,0.9999961028915764
Jire/tarnish,0.9999940054816073
TEAM-DAWM/NUTSHELL-SERVER,0.9999877077108248
Tencent/nf-tencentcloud,0.9999940067245962
Yimura/FridaMgr,0.999994873014775
pdudits/jakarta-mvc-unpoly,0.9999939904742627
laziobird/CodeLLMEval,0.9999968051205187
DGVPSH/SlackOpen,0.9999937239334328
Saum112/JavaDevInterviewPrep,0.9999939791279847
shasankp000/AI-Player,0.9999940412128887
hhy50/reflect-linker,0.9999967407401402
Nutika16/Bank_Management,0.9999940737158044
mvitz/beyond-spring-boot-testing,0.9999944181529189
drjeffgeoff/javaprojects,0.9999940737158044
SijiaCui/play-urts,0.9999939969978175
indrakishore/Developers-Community,0.9999767907358517
starobot/LegoClient,0.9999945942241317
Rapter1990/todowithcouchbase,0.9999799634625959
wimdeblauwe/vite-spring-boot,0.9999964957173838
BL00DY-C0D3/Echo-VR-Installer,0.9999943431454654
GAME-CLI-SRV-DEV/ViaVersionProtocolSupport,0.9999944173113988
hanhuoer/maa-framework-java,0.999999160338362
DJ-Raven/swing-modal-dialog,0.9999946267514169
stephengold/jolt-jni,0.9999937762086456
FamroFexl/Circumnavigate,0.999994610725999
Azure-Samples/agent-openai-java-banking-assistant,0.99999400826764
netcorepal/cap4j,0.9999943192343663
Naveenk069/Fitness-Application,0.9999944181529189
samuelowino/civic-education,0.9999940581276133
JMagician/Magic,0.9999940227706189
8ORUZ7/data-structure-and-advance-algorithm,0.9999939791279847
zdx0122/playwright-screenshot-api,0.9999941323046166
yananhub/flying-gradle-plugin,0.9999970659886439
UniMelb-COMP90018/COMP90018-Tutorials-2024,0.999997982637126
prameswaraandhika/vendor-management-system-rest,0.9999945827090009
minecraft8997/TennessineC,0.9999940089554207
Konloch/Jaxon,0.9999940372520161
kiryu1223/drink,0.9991685999431652
liyao-l-y/ICEDroid,0.9999945085170652
Micro-STAMP/microstamp,0.9999389471771968
SE10-IJSE/SE10-NETWORK-BACKEND,0.9999944871815957
kopytovskiy/companero-bot,0.9999946568227837
apache/pulsar-java-contrib,0.9999983819655928
depromeet/WalWal-server,0.999881528556432
Karabosithole/LearnJavaSnakeGame,0.9999939687970144
datastaxdevs/conference-2024-devoxx,0.9999939791279847
We-Cant-Coding/TACZ-Fabric,0.9999943437094855
ahmedhussein107/Pupils-Plan-W25,0.9999940581276133
hollow-cube/luau-java,0.9999946873036599
rspace-os/rspace-web,0.9638805737586083
rzando-org/GitHub-Chinese-Top-Charts,0.9999939791279847
med-united/epa4all,0.9999980401403451
pedroksl/AdvancedAE,0.9999807761127814
ferriarnus/Monocle,0.9999941149181809
Moulberry/Flashback,0.9999946495264642
keycloak/keycloak-client,0.9992855109787856
eschnou/OpenGPA,0.9999990035996016
Atharvkote/DSA-Mini-Projects,0.9999939791279847
ivangfr/web-reactive-jvm-native-cds-aot-virtual-threads,0.9999942010304459
BryanGIG/BypassDANA,0.9999940167953825
yashksaini-coder/September-Leetcode-Daily-2024,0.9999941355399002
tuskev1ch/minced-1.20.4,0.9999940094813656
AllenDengMs/isme-java,0.9999939947161587
mazen-salah/Mobile-application-development-course-content,0.9999939791279847
JacobChikwanda/object-oriented-programming,0.9999939791279847
depromeet/15th-Spring-Test-Study,0.999550435037878
egecanakincioglu/name-fix-minecraft-plugin,0.9999939791279847
hangga/sample-usaidbox,0.9999942010304459
ahisec/geoserver-,0.9999942016589826
kdalton0518/Microservices-kafka-SpringBoot,0.9999939791279847
Sun-12138/comfyui-spring-boot,0.9999939947161587
czelabueno/jai-workflow,0.9999997372207861
dougdonohoe/ddpoker,0.9999996424780292
kousen/AiJavaLabs,0.9999973200180557
IMB11/Fog,0.9999936338836951
lightning2401/northstar,0.9999806016802462
HiveGamesOSS/leveldb-mcpe-java,0.9998929889312038
atharva7803/Accenture-Previous-Year-Coding-Questions-,0.9999939791279847
randomguy3725/MoonLight,0.9999944720984132
processing/processing4,0.9999289321988883
codetyio/codety-scanner,0.9999765941465814
devjlkeesh/httpserver,0.9999939791279847
a7med3del1973/Fawry-Internship,0.9999977546189489
omaeewa/TGram,0.9999941436509516
hellyguo/rust_java_samples,0.999997100426453
zhkl0228/impersonator,0.9999940203149195
btraceio/jafar,0.9999961740726803
reveny/Protecttai-Bypass,0.9999943803366664
yangbuyiya/coze-sdk-java,0.9999941436509516
datafor123/datafor-free,0.9754798507398574
apache/maven-hocon-extension,0.9999949706590441
C0de-cake/ecommerce-app,0.9999939791279847
MikuMC/ZetaUtils,0.9999940634224553
thypon/eLauncher,0.9999940203017073
Rdiger-36/StudioBridge,0.9999940979067551
ronin-engineer-88/airbnb,0.9999939348617535
Tutorials-By-Kaupenjoe/NeoForge-Tutorial-1.21.X,0.9999881962437169
quarkusio/quarkus-workshop-langchain4j,0.999994688310636
Mixeway/Flow,0.9999920780680379
yzsvdu/RedTrainer,0.9999940386690368
syncliteio/SyncLite,0.999994404473076
mq-soft-tech/comp2000_2024,0.9999945928996435
starobot/StaroEventSystem,0.9999940893178664
LAC-Japan/Ghidra_AntiDebugSeeker,0.9999940089554207
cashfree/kafka-delayed-queue,0.9999939938931901
sivaprasadreddy/spring-realworld-conduit-api,0.9999948686403131
MrzDemon/Minecraft-Meteor,0.9999939938931901
aemisigna/hololiveid-kaela-event-public,0.9999939938931901
nguyenthanhhy0108/Web-Personal-Project-BE,0.999997354632985
alpapie/piscine-java-test,0.9999939791279847
techsenger/jeditermfx,0.9999909913351391
line/Flagship4j,0.9999979389100381
justine6/https-github.com-ashishps1-awesome-system-design-resources,0.9999939904742627
vladmihalcea/high-performance-jooq,0.9999992048965161
wkorando/loominated-java,0.9999940581276133
Mangolise/mango-anti-cheat,0.9999939791279847
keyhana/c166-ghidra-module,0.9999941188566109
OSUSecLab/BaseMirror,0.9999939791279847
Conan924/NacosExploit,0.9999940194238454
hoangtien2k3/reactify-core,0.9999933928823176
oracle/sandwood,0.9999979852035472
iw2d/kinoko,0.9999980130886003
HChenX/HiMiuiX,0.9999939791279847
Bharat2044/Striver-A2Z-DSA-Sheet-Solution-using-JAVA,0.9999939791279847
iipc/warcaroo,0.9999984982357508
chengpeng-wang/LLMSAN,0.9999939947161587
gejun123456/HotSwapHelper,0.9999936030012618
writingtool-org/writingtool,0.999995824897214
canyie/MagiskEoP,0.9999939791279847
jtang613/GhidrAssist,0.9999944023254316
siddharthsky/CustTermux,0.9999938244606468
macdao/hands-on-clean-architecture-template,0.999997982637126
EasonLyo/sigma,0.9999939993610509
NovaLogics/skills-training-cli-java,0.9999940694739206
taoofagi/easegen-admin,0.9973913068896819
kushanb/oop-lec-2024,0.9999939791279847
awslabs/s3-tables-catalog,0.9999984384737123
stephanj/Llama3JavaChatCompletionService,0.9999947095173976
Jplamo13/Wurst,0.9999939938931901
coralblocks/CoralQueue,0.9999958040513991
danvega/spring-boot-oauth-demo,0.9999940844812663
operaton/operaton,0.006367600578597372
adsoftsito/competitive_programming,0.9999939791279847
danvega/jte-forms,0.9999940581276133
maeddes/hft-24-winter,0.9999939791279847
Team254/FRC-2024-Public,0.9999944181529189
cibseven/cibseven,0.006389503039999797
Halfmoonly/feignx-plugin,0.9999939989374746
Smart-Shaped/chaM3Leon,0.99997220226656
jtaccuino/jtaccuino,0.9999945622099637
Hirun4/music-app,0.9999940114243294
Arfifias/Equees_men,0.9999939791279847
ionutbalosin/java-application-security-practices,0.9999939904742627
mkpaz/devtoolsfx,0.9999939947161587
DVSR1411/onlinebookstore,0.9999939791279847
Blueblue1101/SmartFlightCheckInKiosk,0.9999971795605563
ChHsiching/GitHub-Chinese-Top-Charts,0.9999940581276133
mamiiblt/instafel-updater,0.9999948529898218
microsoft/PyRIT-Ship,0.9999941323046166
Funtimes909/ServerSeekerV2,0.9999942130053437
langchain4j/langchain4j-community,0.9999560899353529
singlr-ai/nocaptcha,0.9999965062234534
eazybytes/event-driven-microservices,0.9999939791279847
Ayush7-BIT/turbo-robot,0.9993942043492027
a8anassis/CF7-Testbed,0.9999939791279847
RoastSlav/quickdrop,0.9999941813184784
sionpardosi/Student-Learning-Hub-Aplikasi-Sederhana-Latihan-Belajar-Mahasiswa-Berbasis-JAVA,0.9999939791279847
anshumansinha3301/Stock-Trading-Simulation,0.9999940694739206
hamsterbase/Burrow-UI,0.9999943087685093
coderphonui/jsonautorepair,0.9999978706639753
GluuFederation/gluu4,0.9883860850527687
ReSpouted/OldSpoutLauncher,0.9999940828353179
arya2004/leetcode-daily-october-hacktoberfest-2024,0.9999853124349641
tzolov/spring-ai-cli-chatbot,0.9999939791279847
Alireza-Moh/whisperer_for_laravel,0.9999945657036391
BountySecurity/GBountyProfilesDesigner,0.9999940245435979
Maharramoff/cross-field-validation,0.999997100426453
danvega/java-rag,0.9999939791279847
AdamBien/best-of-java-shorts,0.9999940844812663
rewerma/ares,0.9999993623613328
AxalotLDev/Async,0.9999939527089386
quarkiverse/quarkus-infinispan-embedded,0.9999969094855378
JesusMiramontes/Heartbeatrr,0.9999939791279847
mcbrawls/inject,0.9999938438420247
pivovarit/more-gatherers,0.9999924574240031
bowbahdoe/color,0.9999987183111798
CraftJarvis/ROCKET-1,0.9999939969978175
anonystick/JAVA-ecommerce-backend-api-MEMBER,0.9999943807861394
VarunReddyT/Pre-FS,0.9999942775370855
vishalkrishnaagQwy/VipLang,0.9999942923023425
KevenJAntenor/Quebec-Centralized-Medical-Record-System,0.9999966502670405
NisenoShitsu/HololiveDesktop,0.9999940261895389
danvega/golf-scheduler,0.9999939791279847
The-Nefarious-Developer/zjoule,0.9999337342247056
samanL33T/jadx-xvision-plugin,0.9999942370880334
Liubsyy/VisualClassBytes,0.9999939938931901
hungnm98/hermes,0.9999939791279847
alibaba/fluss,0.9970598624468795
swstarlab-infolab/ldbc-complex-benchmark,0.9999990999702932
adelelawady/beat-stream,0.9998062955033353
szeiger/perfio,0.999994001480505
hamzalamin/ITLens,0.9999971188591658
dizzydroid/DesignPatternsNutshell,0.9999939791279847
raphw/build-buddy,0.9999814077876463
dbeaver/dbeaver-jdbc-libsql,0.999994450139736
martinellich/jooq-spring,0.9999941000888685
wheslleyrimar/BuildCLI,0.99999265238828
Nappxy/Evon-Executor,0.9999939938931901
marcushellberg/spring-ai-examples,0.9999939791279847
StephenIsTaken/NexusOpen,0.9999939791279847
ChHsiching/GitHub-Chinese-Top-Charts-Classified,0.9999939791279847
owenwijaya22/PennyWise,0.9999735782675427
OmniOneID/did-ta-server,0.9999996832269655
HeZephyr/RPC-Java,0.999997599641219
NanowarOfSteel/HelloWorld,0.9999945470122101
MeoMunDep/Node-Wars,0.9999939947161587
duzhaokun123/YAPatch,0.9999939253455098
Trisitana/hudilao_back_end,0.9999939791279847
PaperMC/Paper-archive,0.9999937908105396
NoelToy/automatic-relationship-finder,0.9999944058699143
OmniOneID/did-issuer-server,0.9999970084905659
xiegangqingnian1021/devops,0.9999939791279847
SongJian-99/dj-uav,0.9999940168278943
luelueking/CVE-2022-25845-In-Spring,0.9999939947161587
niccellular/baretoot,0.9999990199190376
IxionLang/Ixion,0.9999942661906993
algorithm-tools/CausalAnalysis,0.9999939791279847
Aenjieee/Chess-Rook-Movement-Simulator,0.9999941436509516
AIDC-AI/ali-langengine,0.9996392347387473
risin42/NagramX,0.9999941958492433
coralblocks/CoralRing,0.9999986303783124
danvega/qbe,0.9999980894279149
jar-analyzer/class-obf,0.9999939491476911
Raiffeisen-DGTL/zaychik-trino-proxy,0.9999940581276133
Devilx86/jadx-ai-view-plugin,0.9999940094813656
forteBruno/Token-Tailor,0.9999939938931901
Hirun4/PACMAN_GAME,0.9999944836083212
stacksimplify/docker-in-a-weekend,0.9999939791279847
kindblayde/BlazingTool,0.9999946603302613
alex0x08/teleporta,0.9999939812071581
hoangpm07/SeedGn,0.9999946603302613
velmafxx/ShadowTool,0.9999946603302613
Lordsatanthenuker/DiscordUniverse,0.999994630493985
GwenStasee/SilenceGen,0.9999946603302613
ilevd/cwp,0.9999939791279847
Aunali321/ReVancedExperiments,0.9999937156581021
Pitayafruits/kafka-dog,0.9999946893626281
seebi70/PurpleStar,0.9999946603302613
HttpMarco/netline,0.9999980639136251
trinitylake-io/trinitylake,0.9999946268636294
vova7878-modules/ScreenshotsEverywhere,0.9999940092524455
justin0kg/VirtualApp202410,0.9999991355029905
snowy2121/Solana-Token-Creator,0.9999946603302613
Jeremiahcheng1206/AML-Monitoring-Engine,0.9999942010304459
ItsMadruga/WaRevamp,0.9999942964571483
hoangsonww/Software-Design-Patterns,0.9999665974373474
ddaakk/docker-boot,0.9999939938931901
digicert/domain-control-validation,0.9999599434606575
Mdzin007/Bombie-autoclicker,0.9999946603302613
MR-MaoJiu/ali_ai_call,0.9999942166201723
apache/arrow-java,0.9969134064636311
openpdfsaucer/openpdfsaucer,0.999817388442174
sparrowwallet/larkapp,0.999993998375352
fakerUNcode/story-writer,0.9999913550666151
Soar-Client/Legacy-SoarClient,0.9999943073096923
bakiayman/HashCats-autoclicker,0.9999946603302613
fredpena/vaadin-flow-lab,0.9999940958275824
hangga/delvelin,0.999994689580518
huangsam/photohaul,0.9999942728149904
alexdmiller/shape-mapper,0.9999939407660016
hassanwasfy/iTell,0.9999940089554207
tttsaurus/Ingame-Info-Reborn,0.9999942245336313
cxxsheng/CVE-2022-20474,0.9999944181529189
hacimertgokhan/denis,0.9999938822987329
GlideClient/client,0.999994249983108
JetBrains/jitwatch4i,0.9999939947161587
patchescamerababy/ChatOn2API,0.9999940904239973
danvega/repo-content-generator,0.9999953448125898
esmaeilsadeghijob/Application-of-Consensus-Algorithms-in-Improving-the-Scalability-of-Microservice-Architecture,0.99999452287034
DebitCardz/packet-logger,0.9999940245435979
developer-krushna/MT-Document-Provider-Injector,0.9999939791279847
CH3COOK2023/Java-Hand-Writing-Digit-Recognition-Application,0.9999939791279847
Pedro-Pathing/Quickstart,0.9999942492759265
LegacyLands/legacy-lands-library,0.999994162348616
MikhailSterkhov/broadcast-engine,0.9999939828734127
hoangsonww/Akari-Puzzle-Game-JavaFX,0.9999982885657701
xcancloud/AngusTester,0.9999948380522263
Peharge/learn-java,0.9999939791279847
Spec-JohnXina/Vape-v4.16,0.9999939791279847
ali-bouali/game-store-application,0.9999942661906993
Kalpu-24/SnakeWall,0.9999951043839016
bowbahdoe/jdk-httpserver-realworld,0.9999939947161587
springaialibaba/spring-ai-alibaba-examples,0.9999940349263997
Xposed-Modules-Repo/com.my.televip,0.9999940602067863
3000IQPlay/AntiRAT-21,0.9772725826612677
elsese123/Roblox-Unblocked,0.9999946603302613
davidtos/JUring,0.999996581079158
danvega/scm-workshop,0.9999954484773893
AugmentOS-Community/AugmentOS-Example-App,0.9999944181529189
mustafa1dev/TeleVip-Lsposed,0.9999933766526864
quoc10973/Watch-Store-Management,0.9999939791279847
hoangsonww/Game-2048-JavaFX,0.9999956204285668
KelvenCassamo/java-language-system,0.9999943294765318
WinterAlexander/HanziResourcePack,0.9999940261895389
brianpipa/OverdriveMP3Downloader,0.9999940984235116
meysamhadeli/booking-microservices-java-spring-boot,0.9999943681314839
damithch/DamithPayment,0.9999939791279847
tzolov/voice-assistant-chatbot,0.9999939791279847
Flectone/FlectonePulse,0.999994013501298
Randypro123/Roblox-Wiki,0.9999946603302613
oddbyte/Unweaken,0.9999940003757296
rythmaryan/OOPS_Class_Codes,0.9999939791279847
isinvon/gold-foil-font-api,0.99999402682527
ivangfr/spring-boot-user-pass-auth-one-time-token-login,0.9999939791279847
coze-dev/coze-java,0.9999912400075082
openbpm-platform/openbpm-control,0.9999945085170652
mercadolibre/challenge-sbpo-2025,0.9999939947161587
Intelligent-CAT-Lab/AlphaTrans,0.04123704224958244
JiHongKim98/redis-extensions,0.9999940052394723
mariofusco/site-summarizer,0.9999941478928244
liurui-software/ojr,0.9999992492232094
B0T1eR/ysoSimple,0.9999939938931901
sdeigm/uni-meter,0.9999936294404473
project-material/Videos,0.9999939938931901
horaciomuller/event-api,0.999994156213972
spring-projects-experimental/spring-ai-mcp,0.9999939269022844
skycatminepokie/FabricBinarySearchTool,0.9999939774546248
Pedro-Pathing/PedroPathing,0.9999945785619279
Revxrsal/Zapper,0.9999941618127791
cattyngmd/CatFormat,0.9999949776824135
chebuya/minegrief,0.9999939947161587
yegor256/together,0.99999542548853
andressep95/SQLift,0.9999965013129821
Argon4W/AcceleratedRendering,0.9999940011807218
techsenger/stagepro,0.9999939791279847
KOSASIH/qn-tech,0.9999968446521494
Tinkoprof/WurstPlusThree-Ported,0.9999939999325873
quarkiverse/quarkus-mcp-server,0.9999930002245518
ela-codes/vibin,0.9999990885807348
george0st/Ff2Cql,0.9999945658575736
LvStrnggg/argon,0.9999942262974686
SuppieRK/inject,0.9999479202130778
Kei-Luna/LunaGC_5.3.0,0.9999946964452587
xdev-software/music-maven-plugin,0.9999943673971858
siwon1011/Evon-Executor,0.9999940089554207
hibrahem/architecture_patterns_example,0.9999941501745551
Mechanical-Advantage/RobotCode2025Public,0.9999942070344873
jarvis2f/telegram-files,0.9999985912121498
